{"cameraMode":{"drawMode":0,"name":"Shaded","section":"Shading Mode"},"sceneLighting":true,"audioPlay":false,"sceneViewState":{"showFog":true,"showMaterialUpdate":false,"showSkybox":true,"showFlares":true,"showImageEffects":true,"showParticleSystems":true},"in2DMode":false,"pivot":{"x":-0.8714549541473389,"y":1.995654582977295,"z":0.025997161865234376},"rotation":{"x":-0.04674316570162773,"y":-0.04583671689033508,"z":0.002147178165614605,"w":-0.99785315990448},"size":5.419898986816406,"orthographic":false}