{"cameraMode":{"drawMode":0,"name":"Shaded","section":"Shading Mode"},"sceneLighting":true,"audioPlay":false,"sceneViewState":{"showFog":true,"showMaterialUpdate":false,"showSkybox":true,"showFlares":true,"showImageEffects":true,"showParticleSystems":true},"in2DMode":false,"pivot":{"x":328.8830261230469,"y":-54.41321563720703,"z":451.3958435058594},"rotation":{"x":-0.11130858957767487,"y":0.7462732791900635,"z":-0.12912598252296449,"w":-0.6434890627861023},"size":221.08180236816407,"orthographic":false}