{"cameraMode":{"drawMode":0,"name":"Shaded","section":"Shading Mode"},"sceneLighting":true,"audioPlay":false,"sceneViewState":{"showFog":true,"showMaterialUpdate":false,"showSkybox":true,"showFlares":true,"showImageEffects":true,"showParticleSystems":true},"in2DMode":false,"pivot":{"x":1.1954890489578248,"y":6.010831356048584,"z":0.04593479633331299},"rotation":{"x":0.02230006642639637,"y":0.7574636936187744,"z":0.025908248499035836,"w":-0.6519830822944641},"size":21.49459457397461,"orthographic":false}