{"cameraMode":{"drawMode":0,"name":"Shaded","section":"Shading Mode"},"sceneLighting":true,"audioPlay":false,"sceneViewState":{"showFog":false,"showMaterialUpdate":false,"showSkybox":false,"showFlares":false,"showImageEffects":false,"showParticleSystems":true},"in2DMode":false,"pivot":{"x":0.35580968856811526,"y":-30.754894256591798,"z":20.864883422851564},"rotation":{"x":-0.3873959481716156,"y":0.006079931743443012,"z":-0.0025607754942029716,"w":-0.9218999743461609},"size":60.547672271728519,"orthographic":false}