{"cameraMode":{"drawMode":0,"name":"Shaded","section":"Shading Mode"},"sceneLighting":true,"audioPlay":false,"sceneViewState":{"showFog":false,"showMaterialUpdate":false,"showSkybox":false,"showFlares":false,"showImageEffects":false,"showParticleSystems":true},"in2DMode":false,"pivot":{"x":2.344496011734009,"y":-11.896570205688477,"z":33.89400863647461},"rotation":{"x":-0.20581330358982087,"y":-0.012626981362700463,"z":0.0026540763210505249,"w":-0.9785136580467224},"size":60.547672271728519,"orthographic":false}